,Year,Player,Mentions
0,2003,Stein,4
1,2003,Michael Finley,1
2,2003,Shaquille O'Neal,4
3,2003,Webber,2
4,2003,Yao Ming,3
5,2003,Chris Webber,2
6,2003,Webb,1
7,2003,Nets,4
8,2003,Chinese,2
9,2003,Close•,4
10,2003,Marc Stein,3
11,2003,Nick Van Exel,4
12,2003,Yao,2
13,2003,Van Exel,1
14,2003,Rasheed Wallace,1
15,2003,Sacto,1
16,2003,Minny,1
17,2003,Wesley Person,1
18,2003,Ben Wallace,1
19,2003,a Wally Szczerbiak,1
20,2003,Gordan Giricek,1
21,2003,Christian Laettner,1
22,2003,Othella Harrington,1
23,2003,Duncan,3
24,2003,Saunders,1
25,2003,Harrington,1
26,2003,Vin Baker,1
27,2003,Foyle,1
28,2003,Grizzlies,1
29,2003,Michael Jordan's,1
30,2003,Stephon Marbury,1
31,2003,Jerry Stackhouse,1
32,2003,Jerome James,1
33,2003,Vitaly Potapenko,1
34,2003,Carter,1
35,2003,Dennis Scott,1
36,2003,Raps,1
37,2003,Alonzo Mourning,2
38,2003,Tracy McGrady,2
39,2003,Miller,1
40,2003,Payton,2
41,2003,Carlisle,1
42,2003,Nowitzki,1
43,2003,Flip Saunders,1
44,2003,Arco Arena,1
45,2003,Nene Hilario,2
46,2003,Antonio McDyess,2
47,2003,Gary Payton,3
48,2003,Kobe Bryant,4
49,2003,Lakers,1
50,2003,Vince Carter,1
51,2003,Zydrunas Ilgauskas,1
52,2003,Garnett,1
53,2003,Eric Musselman,1
54,2003,Knicks,2
55,2003,Scott Layden,1
56,2003,Tracy McGrady's,1
57,2003,Derrick Coleman,1
58,2003,Vlade Divac,1
59,2003,Grant Hill,1
60,2003,KG,1
61,2003,Isiah Thomas,1
62,2003,Grant,1
63,2003,Steve Francis,1
64,2003,Michael Jordan,2
65,2003,Mike Bibby,1
66,2003,Harvey,1
67,2003,Dirk Nowitzki,1
68,2003,Yanks,1
69,2003,Dimedom,1
70,2003,Roy Williams,1
71,2003,Greg Buckner,1
72,2003,Jerry Sloan,1
73,2003,Andrew DeClercq,1
74,2003,Shaquille O'Neal's,1
75,2003,Travis,1
76,2003,Kobe Bryant's,1
77,2003,Spree,1
78,2003,DeClercq,1
79,2003,Antawn Jamison,1
80,2003,Keon Clark,1
81,2003,Larry Brown,2
82,2003,Kevin Garnett,1
83,2003,Mark Cuban,2
84,2003,Raef LaFrentz,2
85,2003,Amare Stoudemire,2
86,2003,Ricky Ricky,1
87,2003,Easterners,1
88,2003,Antonio Daniels,1
89,2003,Shaq,1
90,2003,Ron Artest,1
91,2003,Bob Sura,1
92,2003,Adonal Foyle,1
93,2003,Nate McMillan,1
94,2003,Fortson,1
95,2003,MJ,2
96,2003,Jerry West,1
97,2003,Don Nelson,1
98,2003,Tractor Traylor,1
99,2003,Patrick Ewing Night,1
100,2003,Bobby Jackson,1
101,2003,Brian Grant,1
102,2003,Drew Gooden,1
103,2003,Rick Adelman,1
104,2003,Reggie Miller,1
105,2003,Kwame Brown,1
106,2003,Jason Kidd,2
107,2003,Kevin Garnett's,1
108,2003,Scot Pollard,1
109,2003,Mark Heisler,1
110,2003,Larry Bird,1
111,2003,Rick Carlisle,1
112,2003,West MVP,1
113,2003,Peja Stojakovic,1
114,2003,Calvin Booth,1
115,2003,Van Horn's,1
116,2003,Kobe,1
117,2003,Olympic,1
118,2003,Gooden,1
119,2003,Shane Battier,1
120,2003,Thomas,1
121,2003,Michael Dickerson,1
122,2003,Davis,1
123,2003,George Karl,1
124,2003,Pau Gasol,1
125,2003,Ricky Davis,1
126,2003,Ray Allen,1
127,2003,Danny Fortson,1
128,2003,Trimesters,1
129,2003,Gilbert Arenas,2
130,2003,Mike Miller,1
131,2003,Tim Duncan,4
132,2003,NBA.When,1
133,2003,Steve Smith,1
134,2003,Keith Van Horn,2
135,2003,Kidd,2
136,2003,Avery Johnson,1
137,2003,Tariq Abdul-Wahad,1
138,2003,max,1
139,2003,Vandeweghe,2
140,2003,Nikoloz Tskitishvili,1
141,2003,Karl Malone,2
142,2003,Jalen Rose,1
143,2003,Joe Dumars,1
144,2003,Jermaine O'Neal,2
145,2003,Corey Maggette,2
146,2003,James Posey,1
147,2003,Kiki Vandeweghe,2
148,2003,Posey,1
149,2003,Wiz,1
150,2003,Howard,1
151,2003,Juwan Howard,1
152,2003,Jack,1
153,2003,David Robinson,2
154,2003,Manu Ginobili,1
155,2003,Trapping Duncan,1
156,2003,Penny Hardaway,1
157,2003,Robinson,2
158,2003,Rose,1
159,2003,Malik Rose,2
160,2003,Joe Johnson,1
161,2003,Stephen Jackson,1
162,2003,Jake Voskuhl,1
163,2003,Shawn Marion,1
164,2003,Basketball Hall,1
165,2003,Scott Williams,1
166,2003,Jack Ramsay,1
167,2003,Bruce Bowen,1
168,2003,Tony Parker,1
169,2003,Bowen,1
170,2003,Brian Scalabrine,1
171,2003,Martin,1
172,2003,Dikembe Mutombo,1
173,2003,Bryon Scott's,1
174,2003,Mutombo,1
175,2003,Rod Thorn,2
176,2003,Scott,1
177,2003,Tamar Slay,1
178,2003,Kevin Willis,1
179,2003,Kenyon Martin,1
180,2003,Jeff Schwartz,1
181,2003,Andre Miller,1
182,2003,Joumana,1
183,2003,Bill Duffy,1
184,2003,Rasho,1
185,2003,Jason Kidd's,1
186,2003,Steve Nash,1
187,2003,Jim Gray,1
188,2003,P.J. Brown,1
189,2003,Nuggets,1
190,2003,Nesterovic,1
191,2003,Rasho Nesterovic,1
192,2003,Gregory Crittenden,1
193,2003,Bryant,3
194,2003,Mark Hurlbert,1
195,2003,Fred Gannett,1
196,2003,Hurlbert,1
197,2003,FacebookTwitterFacebook MessengerPinterestEmailprintEAGLE,1
198,2003,Hal Haddon,1
199,2003,Chris Beall,1
200,2003,Gannett,2
201,2003,Frederick Gannett,1
202,2003,FacebookTwitterFacebook MessengerPinterestEmailprintDENVER,1
203,2003,Beall,1
204,2003,Tayshaun Prince,1
205,2003,Eastern,1
206,2003,Darko,1
207,2003,Brown,1
208,2003,European,2
209,2003,Mehmet Okur,1
210,2003,American,1
211,2003,Rashard Lewis,1
212,2003,Yugoslav,1
213,2003,FacebookTwitterFacebook MessengerPinterestEmailprintTOKYO,1
214,2003,Europeans,1
215,2003,"""Stern",1
216,2003,Rockets,1
217,2003,Wang Zhizhi,1
218,2003,Devean George,1
219,2003,Karl,1
220,2003,Gary,1
221,2003,Shaquille,1
222,2003,"""George",1
223,2003,Malone,1
224,2003,McGrady,1
0,2004,Rookie,1
1,2004,Sundov,1
2,2004,Michael Sweetney,1
3,2004,Sweetney,1
4,2004,Knicks,1
5,2004,Allan Houston,1
6,2004,Bruno Sundov,1
7,2004,Stackhouse,1
8,2004,Larry Hughes,1
9,2004,Eddie Jordan,1
10,2004,Jerry Stackhouse,2
11,2004,Long,1
12,2004,"Harris
County",1
13,2004,Lance Long,1
14,2004,Mike Hermann,1
15,2004,John Healey,1
16,2004,Murphy,1
17,2004,Estella Olguin,1
18,2004,Hakeem Olajuwon,1
19,2004,Warren,1
20,2004,FacebookTwitterFacebook MessengerPinterestEmailprintSOMERVILLE,1
21,2004,Lily Shahidi,1
22,2004,Shahidi,1
23,2004,Ann Stengel,1
24,2004,Green Brook,1
25,2004,Williams,1
26,2004,Jayson Williams,1
27,2004,Benoit Benjamin,1
28,2004,Tonja Poto,1
29,2004,Angela Pravata,1
30,2004,Artest,1
31,2004,Hamilton,1
32,2004,"""He",3
33,2004,Shawn Loving,1
34,2004,Chauncey Billups,1
35,2004,Richard Hamilton,1
36,2004,Rick Carlisle,1
37,2004,"Jay-Z.""When",1
38,2004,Bob Lanier,1
39,2004,Billups,1
40,2004,Ron Artest,1
41,2004,Michael Jordan,1
42,2004,Larry Brown,1
43,2004,Reggie Miller,1
44,2004,Sam Cassell,1
45,2004,Mike Cristaldi,1
46,2004,Kevin McHale,1
47,2004,Robert Gist,1
48,2004,FacebookTwitterFacebook MessengerPinterestEmailprintMINNEAPOLIS,1
49,2004,Kevin Garnett,1
50,2004,Martin,1
51,2004,Antoine Walker,1
52,2004,Jason Kidd,1
53,2004,Jason,1
54,2004,Jeff Schwartz,1
55,2004,Rod Thorn,1
56,2004,Mavericks,1
57,2004,Jefferson,1
58,2004,Kenyon Martin,1
59,2004,Bruce Ratner,1
60,2004,Kittles,1
61,2004,Marc Stein,1
62,2004,Thorn,1
63,2004,Kerry Kittles,1
64,2004,Alonzo Mourning,1
65,2004,Dikembe Mutombo's,1
66,2004,Nets,1
67,2004,Ratner,1
68,2004,Richard Jefferson,1
69,2004,Kidd,1
70,2004,Bryant,1
71,2004,Dan Recht,1
72,2004,"Scott
Robinson",1
73,2004,Kobe Bryant,1
74,2004,Krista Flannigan,1
75,2004,John Sadwith,1
76,2004,Joyce Seelen,1
77,2004,Seelen,1
78,2004,Rudy,1
79,2004,Chris Grant,1
80,2004,Griffin,1
81,2004,FacebookTwitterFacebook MessengerPinterestEmailprintHOUSTON,1
82,2004,Billy Knight,1
83,2004,John Lucas,1
84,2004,Eddie Griffin,1
85,2004,Tomjanovich,1
86,2004,Doc Rivers,1
87,2004,"here?'""Payton",1
88,2004,Raef LaFrentz,1
89,2004,Payton,1
90,2004,Gary Payton,1
91,2004,Paul Pierce,1
92,2004,Mark Blount,1
93,2004,Jim O'Brien,1
94,2004,Ricky Davis,1
95,2004,Rashard Lewis,1
96,2004,Vladimir Radmanovic,1
97,2004,"Luke
Ridnour",1
98,2004,Shareef Abdur-Rahim,1
99,2004,Maurice Cheeks,1
100,2004,Fortson,1
101,2004,Randolph,1
102,2004,Abdur-Rahim,1
103,2004,Nick Collison,1
104,2004,Jerome James',1
105,2004,Ridnour,1
106,2004,Reggie Evans,1
107,2004,Ronald Murray,1
108,2004,Allen,1
109,2004,Lewis,1
110,2004,Darius Miles,1
111,2004,Abdur-Rahim's,1
112,2004,Danny Fortson,1
0,2005,"Yao
Ming",1
1,2005,Tracy McGrady,1
2,2005,Van Gundy,1
3,2005,Gundy,1
4,2005,Redd,1
5,2005,Porter,1
6,2005,Tracy,1
7,2005,Taylor,1
8,2005,"""Milwaukee",1
9,2005,Yao,1
10,2005,Jeff Van Gundy,1
11,2005,Terry Porter,1
12,2005,Erick Strickland,1
13,2005,McGrady,1
14,2005,Quinton Ross,1
15,2005,Thomas,2
16,2005,Kaman,1
17,2005,Elton Brand,1
18,2005,Corey Maggette,1
19,2005,Jamal,1
20,2005,"Lenny
Wilkens",1
21,2005,Hardaway,1
22,2005,Jamal Crawford,2
23,2005,Maggette,1
24,2005,Allan Houston,1
25,2005,Knicks,2
26,2005,Steph,1
27,2005,Mohammed,1
28,2005,Ross,1
29,2005,Crawford,2
30,2005,Chris Kaman,1
31,2005,Luke Walton,1
32,2005,Tim Thomas,1
33,2005,Bryant,1
34,2005,Marbury,1
35,2005,"Tim
Thomas",1
36,2005,Michael Sweetney,1
37,2005,Kurt Thomas,1
38,2005,Jermaine Jackson,1
39,2005,Caron Butler,2
40,2005,Lamar Odom,1
41,2005,Chucky Atkins,2
42,2005,Kobe Bryant,1
43,2005,Luke,1
44,2005,Dwyane Wade,1
45,2005,Shaquille O'Neal,1
46,2005,Rick Carlisle,1
47,2005,Wade,1
48,2005,Damon Jones,1
49,2005,Davis,1
50,2005,Miller,1
51,2005,Anthony Johnson,1
52,2005,Stephen Jackson,1
53,2005,Austin Croshere,1
54,2005,Stan Van Gundy,1
55,2005,Dale Davis,1
56,2005,Jackson,1
57,2005,Reggie,1
58,2005,Keyon Dooling,1
59,2005,Reggie Miller,1
60,2005,"Jeff
Bzdelik",1
61,2005,Duncan,1
62,2005,Bruce Bowen,1
63,2005,Carmelo Anthony,1
64,2005,Robert Horry,1
65,2005,George Karl,1
66,2005,Gregg Popovich,2
67,2005,Manu Ginobili,2
68,2005,Tim Duncan,1
69,2005,Ginobili,1
70,2005,Tom Kiefer,1
71,2005,Andre Miller's,1
72,2005,Rodney White,1
73,2005,Horry,1
74,2005,Darvin Ham,1
75,2005,Chauncey Billups,1
76,2005,"""Brown",1
77,2005,Ben Wallace,1
78,2005,"""As Rasheed Wallace",1
79,2005,Rip Hamilton,1
80,2005,J. Spears,1
81,2005,Sheed,1
82,2005,Ya'll,1
83,2005,Lindsey Hunter,1
84,2005,Brown,1
85,2005,Larry Brown,1
86,2005,Rasheed Wallace,1
87,2005,LeBron James,1
88,2005,Wallace,1
89,2005,Songaila,1
90,2005,Maurice Evans,1
91,2005,Michael Redd,1
92,2005,Cuttino Mobley,1
93,2005,Evans,2
94,2005,Mobley,1
95,2005,FacebookTwitterFacebook MessengerPinterestEmailprintSACRAMENTO,1
96,2005,"Joe
Johnson",1
97,2005,Ray Allen,2
98,2005,Darius Songaila,1
99,2005,Damon Stoudamire,1
100,2005,Juan Dixon,1
101,2005,Stoudamire,1
102,2005,Shareef Abdur-Rahim,1
103,2005,Mayce Webber Jr.,1
104,2005,Martin,1
105,2005,FacebookTwitterFacebook MessengerPinterestEmailprintDETROIT,1
106,2005,"Ed
Martin",1
107,2005,Webber,1
108,2005,Chris Webber,1
109,2005,Steven Fishman,1
110,2005,Nancy Edmunds,1
111,2005,Edmunds,1
112,2005,Jason Kapono,1
113,2005,Keith McLeod,1
114,2005,Brandon Hunter,1
115,2005,Ezra Williams,1
116,2005,Miami Heat,1
117,2005,Tre Simmons,1
118,2005,Noel Felix,1
119,2005,Jordan,1
120,2005,Grgurich,1
121,2005,Anthony Lever-Pedroza,1
122,2005,Caron,1
123,2005,Bass,1
124,2005,Mateen Cleaves,1
125,2005,Calvin Booth,1
126,2005,Omar Thomas,1
127,2005,Steve Patterson,1
128,2005,Charlotte Bobcats,1
129,2005,Achilles,1
130,2005,Milt Palacio,1
131,2005,Nate McMillan,1
132,2005,"Tim
Grgurich",1
133,2005,Eddie Jordan,1
134,2005,Alex Scales,1
135,2005,Steve [Blake,1
136,2005,McLeod,1
137,2005,"Maurice
Cheeks",1
138,2005,Patterson,1
139,2005,Roger Powell,1
140,2005,Keith,1
141,2005,Daron Williams,1
142,2005,Buckner,1
143,2005,Brandon Bass,1
144,2005,Voshon Lenard,1
145,2005,Kapono,1
146,2005,Greg Buckner,1
147,2005,LSU.Bass,1
148,2005,Jeff Twiss,1
149,2005,Kwame Brown,1
150,2005,Popovich,1
151,2005,Gordon Chiesa,1
152,2005,Corie Blount,1
153,2005,Pavlovic,1
154,2005,Kevin McHale,1
155,2005,Alex Acker,1
156,2005,Brian Cook,1
157,2005,Dupree,1
158,2005,Butler,1
159,2005,Jeff Bower,1
160,2005,Lawrence Frank,1
161,2005,Ronald Dupree,1
162,2005,Antonio Daniels,1
163,2005,Jo Jo White,1
164,2005,Danny Ferry,1
165,2005,Ginobli,1
166,2005,Hornets,1
167,2005,Sasha,1
168,2005,Cook,1
169,2005,Acker,1
170,2005,Bill Russell,1
171,2005,Robert Paris,1
172,2005,Sasha Pavlovic,1
173,2005,Russell,1
174,2005,Ndudi Ebi,1
175,2005,Bob Cousy,1
176,2005,Blount,1
177,2005,Jared Jeffries,1
178,2005,David West,1
179,2005,Rashard Lewis,1
180,2005,Primoz Brezec,1
181,2005,Nick Collison,1
182,2005,Knight,1
183,2005,Reggie Evans,1
184,2005,Bernie Bickerstaff,1
185,2005,Ridnour,1
186,2005,Brevin Knight,1
187,2005,Emeka Okafor downcourt,1
188,2005,Brezec,1
189,2005,Allen,1
190,2005,Lewis,1
191,2005,Kareem Rush,1
0,2006,Sam Cassell,1
1,2006,Rafe,1
2,2006,Quinton Ross,1
3,2006,Elton Brand,1
4,2006,LaFrentz,1
5,2006,Corey Maggette,1
6,2006,Davis,2
7,2006,Walter McCarty,1
8,2006,Mobley,1
9,2006,Paul Pierce,1
10,2006,Michael Smith,1
11,2006,Mark Blount,1
12,2006,Mike Dunleavy,2
13,2006,Ricky,1
14,2006,Marcus,1
15,2006,Ricky Davis,1
16,2006,Pierce,1
17,2006,Artest,1
18,2006,Ron Artest's,1
19,2006,"""He",1
20,2006,Pete Carril,1
21,2006,Carmelo Anthony,1
22,2006,Peja Stojakovic,1
23,2006,Gavin Maloof,2
24,2006,Adelman,1
25,2006,Kevin Martin,1
26,2006,Earl Boykins,1
27,2006,Kenyon Martin,1
28,2006,Kenny Thomas,1
29,2006,Shareef Abdur-Rahim,1
30,2006,Brad Miller,1
31,2006,Bonzi Wells,1
32,2006,George Karl,1
33,2006,Ron,1
34,2006,Bibby,1
35,2006,Miller,1
36,2006,Wells,1
37,2006,Rick Adelman,1
38,2006,Chris Duhon,1
39,2006,Duhon,1
40,2006,Luol Deng,1
41,2006,Scott Skiles,1
42,2006,Allen,1
43,2006,Andres Nocioni,1
44,2006,Dwane Casey,1
45,2006,Kevin Garnett,2
46,2006,Garnett,1
47,2006,Tyson Chandler,2
48,2006,Ben Gordon,1
49,2006,Gordon,1
50,2006,Banks,1
51,2006,Malik Allen,1
52,2006,"""Fifty",1
53,2006,Justin Reed,1
54,2006,Deng,1
55,2006,Darius Songaila's,1
56,2006,Hinrich,1
57,2006,Marcus Banks,1
58,2006,Rashad McCants,1
59,2006,Kirk Hinrich,1
60,2006,Fred Tedeschi,1
61,2006,Tayshaun Prince,1
62,2006,Stotts,1
63,2006,Hamilton,2
64,2006,Redd,1
65,2006,Michael Redd,1
66,2006,Billups,1
67,2006,Ben Wallace,1
68,2006,Terry Stotts,1
69,2006,Prince,1
70,2006,Lindsey Hunter,1
71,2006,Pistons,1
72,2006,McDyess,1
73,2006,Antonio McDyess',1
74,2006,Rasheed Wallace,1
75,2006,Saunders,2
76,2006,Flip Saunders,2
77,2006,"""After",1
78,2006,FacebookTwitterFacebook MessengerPinterestEmailprintCHICAGO,1
79,2006,Chandler,1
80,2006,FacebookTwitterFacebook MessengerPinterestEmailprintPHOENIX,1
81,2006,Tim Thomas,1
82,2006,Bartelstein,1
83,2006,Mark Bartelstein,1
84,2006,Mike D'Antoni,2
85,2006,Chucky Atkins,1
86,2006,Damon Stoudamire,1
87,2006,Grizzlies,1
88,2006,Jerry West,1
89,2006,Nelson,1
90,2006,Chris Webber,1
91,2006,Cohan,1
92,2006,Al Harrington,1
93,2006,Close•,1
94,2006,Jermaine O'Neal,1
95,2006,Monta Ellis,1
96,2006,Donnie,1
97,2006,Don Nelson,1
98,2006,Chris Cohan,1
99,2006,Marc Stein,1
100,2006,Jason Richardson,1
101,2006,Ike Diogu,1
102,2006,Mitch Richmond,1
103,2006,Mike Montgomery's,1
104,2006,Troy Murphy,1
105,2006,Joe,1
106,2006,Lil,1
107,2006,Nellie,1
108,2006,Chris Mullin,1
109,2006,Mickael Pietrus,1
110,2006,Tim Hardaway,1
111,2006,Baron,1
112,2006,Mullin,1
113,2006,Padgett,1
114,2006,Scott Padgett,1
115,2006,Auerbach,1
116,2006,Kwame Brown,1
117,2006,Phil Jackson,1
118,2006,"Steve
Nash",1
119,2006,Kobe Bryant,1
120,2006,Amare Stoudemire,1
121,2006,Bynum,1
122,2006,Nash,1
123,2006,Kurt Rambis,1
124,2006,Vladimir Radmanovic,1
125,2006,Red Auerbach,1
126,2006,Leandro Barbosa,1
127,2006,Shawn Marion,1
128,2006,Jackson,1
129,2006,Maurice Evans,1
130,2006,Andrew,1
131,2006,Bryant,1
132,2006,Maurice Evans',1
133,2006,Andrew Bynum,1
134,2006,"Chris
Mihm",1
135,2006,Dwyane Wade,1
136,2006,Chauncey Billups,1
137,2006,Wade,1
138,2006,Wayne Simien,1
139,2006,Posey,1
140,2006,Pat Riley,1
141,2006,Udonis Haslem,1
142,2006,James Posey,1
0,2007,Rafa,1
1,2007,Williams,3
2,2007,Duncan,1
3,2007,Ginobili,1
4,2007,Okur,2
5,2007,Rookie Paul Millsap,1
6,2007,Robert Horry,1
7,2007,Millsap,1
8,2007,Rafael Araujo,1
9,2007,Mehmet Okur,2
10,2007,Sloan,1
11,2007,Horry,1
12,2007,Matt Harpring,3
13,2007,Parker,1
14,2007,Araujo,1
15,2007,Bruce Bowen,1
16,2007,Andrei Kirilenko,2
17,2007,Tony Parker,1
18,2007,Carlos,1
19,2007,Tim Duncan,1
20,2007,Carlos Boozer,2
21,2007,Jerry Sloan,3
22,2007,Sam Cassell,1
23,2007,Kaman,1
24,2007,Vladimir Radmanovic,1
25,2007,Tony Daly,1
26,2007,Cassell,1
27,2007,Bob Hill,1
28,2007,Chris Kaman,1
29,2007,Cuttino Mobley,1
30,2007,Nick Collison,1
31,2007,Earl Watson,1
32,2007,Maggette,1
33,2007,Allen,1
34,2007,Shaun Livingston,1
35,2007,Lewis,2
36,2007,Daly,1
37,2007,Watson,1
38,2007,Livingston,1
39,2007,Chris Wilcox,1
40,2007,Ray Allen,1
41,2007,Wilcox,1
42,2007,Marbury,1
43,2007,Curry,1
44,2007,George Shinn,1
45,2007,Nate Robinson,1
46,2007,Jannero Pargo,1
47,2007,Robinson,1
48,2007,Tyson Chandler,1
49,2007,West,1
50,2007,Knicks,2
51,2007,Achilles,1
52,2007,Desmond Mason's,1
53,2007,"""Mason",1
54,2007,Thomas,1
55,2007,Isiah Thomas,1
56,2007,Byron Scott,1
57,2007,Eddy Curry,1
58,2007,Willis Reed,1
59,2007,G Devin Brown,1
60,2007,Mardy Collins,1
61,2007,Scott,1
62,2007,Collins,1
63,2007,David West,1
64,2007,Bobby Jackson,1
65,2007,Paul,1
66,2007,Tracy McGrady,1
67,2007,Van Gundy,1
68,2007,Rafer Alston,1
69,2007,Yao Ming,1
70,2007,Fisher,2
71,2007,FacebookTwitterFacebook MessengerPinterestEmailprintHOUSTON,2
72,2007,Jesse Jackson,1
73,2007,Chuck Hayes,2
74,2007,Juwan Howard,1
75,2007,Derek Fisher,2
76,2007,Yao,1
77,2007,Jeff Van Gundy,1
78,2007,Rockets,1
79,2007,Keith Jones,1
80,2007,Deron Williams,2
81,2007,McGrady,1
82,2007,Shane Battier,1
83,2007,Brice Collier,1
84,2007,Rashard Lewis,1
85,2007,cap,1
86,2007,Morey,2
87,2007,Rashard,1
88,2007,Daryl Morey,2
89,2007,Rashard LewisSmall,1
90,2007,Hayes,1
91,2007,Chuck,1
92,2007,Calvin Andrews,1
93,2007,John Finnegan,1
94,2007,Nelson,1
95,2007,Harry Hays,1
96,2007,"Floyd ""Pete"" Nelson",1
97,2007,Finnegan,1
98,2007,FacebookTwitterFacebook MessengerPinterestEmailprintCHESTER,1
99,2007,Jameer Nelson,1
100,2007,Floyd Nelson,1
101,2007,Hays,1
102,2007,Jameer Nelson's,1
103,2007,Avery Johnson,1
104,2007,Jared Jordan,1
105,2007,Dan Dickau's,1
106,2007,Jordan,1
107,2007,Kevin Durant,1
108,2007,Martin,1
109,2007,Carmelo Anthony,1
110,2007,Luke Ridnour,1
111,2007,Allen Iverson,1
112,2007,Karl,1
113,2007,Kurt Thomas,1
114,2007,Damien Wilkins,1
115,2007,Marcus Camby,1
116,2007,Robert Swift,1
117,2007,George Karl,1
118,2007,Linas Kleiza,1
119,2007,Durant,1
120,2007,P.J. Carlesimo,1
121,2007,Anthony,1
122,2007,Ukrainian,1
123,2007,Phil Jackson,1
124,2007,Kobe Bryant,1
125,2007,Ronny Turiaf,1
126,2007,Kirilenko,1
127,2007,Chris Mihm,1
128,2007,Ronnie Brewer's,1
129,2007,Booz,1
130,2007,Brewer,1
131,2007,Paul Millsap,1
132,2007,Kyrylo Fesenko,1
133,2007,"""Kirilenko",1
134,2007,Mihm,1
135,2007,Fesenko,1
136,2007,Bryant,1
137,2007,Jordan Farmar,1
0,2008,Kevin Durant,2
1,2008,Iguodala,1
2,2008,Giricek,1
3,2008,Wilcox,2
4,2008,Maurice Cheeks,1
5,2008,Earl Watson,1
6,2008,Mouhamed Sene,1
7,2008,Williams,1
8,2008,Louis Williams,1
9,2008,Jeff Green,2
10,2008,Durant,3
11,2008,Chris Wilcox,1
12,2008,P.J. Carlesimo,2
13,2008,Anderson,1
14,2008,Chirs Wilcox,1
15,2008,Dwayne Jones,1
16,2008,Pavlovic,1
17,2008,LeBron James,2
18,2008,Larry Hughes,1
19,2008,Brown,1
20,2008,Kurt Thomas',1
21,2008,LeBron,1
22,2008,Earl Watson's,1
23,2008,Sasha,1
24,2008,Ilgauskas,1
25,2008,James,2
26,2008,Mike Brown,1
27,2008,Kevin Durant's,1
28,2008,Ridnour,1
29,2008,Zydrunas Ilgauskas',1
30,2008,Sasha Pavlovic,1
31,2008,Damon Jones,1
32,2008,Tony Parker,1
33,2008,Donyell Marshall,1
34,2008,Anderson Varejao,1
35,2008,Luke Ridnour's,1
36,2008,Cavs,1
37,2008,Przybilla,1
38,2008,Jackie Joyner-Kersee,1
39,2008,Roy,1
40,2008,Nate McMillan,1
41,2008,Bryant,2
42,2008,Brandon Roy,1
43,2008,Travis Outlaw,1
44,2008,James Jones,1
45,2008,Joel Przybilla's,1
46,2008,LaMarcus Aldridge,1
47,2008,Steve Blake,1
48,2008,Jarrett Jack,1
49,2008,Phil Jackson,2
50,2008,Anthony Kiedis,1
51,2008,Blake,1
52,2008,Kobe Bryant,2
53,2008,Aldridge,1
54,2008,Jones,1
55,2008,Grant Hill,1
56,2008,Dan D'Antoni,1
57,2008,Shaquille O'Neal,1
58,2008,Carmelo Anthony,3
59,2008,Steve Nash,1
60,2008,Amare Stoudemire,2
61,2008,Raja Bell,1
62,2008,Stoudemire,2
63,2008,Allen Iverson,2
64,2008,Nene,2
65,2008,Marcus Camby,2
66,2008,Nash,2
67,2008,Hill,1
68,2008,J.R. Smith,1
69,2008,Mike D'Antoni,1
70,2008,Anthony,1
71,2008,Smith,1
72,2008,Elton Brand,1
73,2008,Greg Oden,1
74,2008,Emeka Okafor,1
75,2008,Josh Childress,1
76,2008,Al Horford,1
77,2008,Abdul-Jabbar,1
78,2008,Spurs,1
79,2008,FacebookTwitterFacebook MessengerPinterestEmailprintSAN ANTONIO,1
80,2008,Kareem Abdul-Jabbar,1
81,2008,Robert Horry,1
82,2008,Gregg Popovich,2
83,2008,Horry,1
84,2008,Artest,1
85,2008,Chris Sheridan,1
86,2008,Mark Stevens,1
87,2008,Marc Stein,1
88,2008,Ron Artest,1
89,2008,"""Artest",1
90,2008,Manu Ginobili,1
91,2008,Getty ImagesThe Spurs,1
92,2008,Garrett Ellwood/NBAE,1
93,2008,Ginobili,1
94,2008,Olympic,1
95,2008,"""Jackson",1
96,2008,NBA MVP,1
97,2008,Gasol,1
98,2008,Kobe,1
99,2008,Pau Gasol,1
100,2008,"""He",2
101,2008,Thomas,1
102,2008,Thornton,1
103,2008,Tim Thomas,1
104,2008,Chris Kaman,1
105,2008,Linas Kleiza's,1
106,2008,Martin,1
107,2008,Davis,1
108,2008,Cuttino Mobley,1
109,2008,Karl,1
110,2008,George Karl,1
111,2008,Kenyon Martin,1
112,2008,Mardy Collins,1
113,2008,Mike Dunleavy,1
114,2008,Brian Forte,1
115,2008,Iverson,1
116,2008,"""Amare",1
117,2008,Yi Jianlian,1
118,2008,Devin,1
119,2008,Barnes,1
120,2008,Vince Carter,1
121,2008,Lawrence Frank,1
122,2008,Josh Boone,1
123,2008,FacebookTwitterFacebook MessengerPinterestEmailprintPHOENIX,1
124,2008,Carter,1
125,2008,Devin Harris,1
126,2008,Eduardo Najera,1
127,2008,Dwyane Wade,1
128,2008,Robin Lopez,1
129,2008,Nets,1
130,2008,Matt Barnes,1
131,2008,Terry Porter,1
132,2008,Harris,1
133,2008,Brook Lopez 12.Steve Nash,1
0,2009,Iguodala,1
1,2009,Thornton,1
2,2009,Donald T. Sterling,1
3,2009,Maurice Cheeks,1
4,2009,Andre Iguodala,2
5,2009,Davis,2
6,2009,Marcus Camby,3
7,2009,Andre Miller,2
8,2009,Gordon,1
9,2009,Mike Dunleavy,3
10,2009,Al Thornton,2
11,2009,Camby,1
12,2009,Thaddeus Young,1
13,2009,Tony DiLeo,2
14,2009,Bill Bayno,1
15,2009,Carlos Boozer,2
16,2009,Nate McMillan,1
17,2009,Roy,1
18,2009,Bayno,1
19,2009,Brandon Roy,1
20,2009,Jeff McMillan,1
21,2009,Mehmet Okur,2
22,2009,Andrei Kirilenko,1
23,2009,LaMarcus Aldridge,1
24,2009,Greg Oden,1
25,2009,Nicolas Batum,1
26,2009,Williams,2
27,2009,FacebookTwitterFacebook MessengerPinterestEmailprintPORTLAND,1
28,2009,Travis Outlaw,1
29,2009,Rudy Fernandez,1
30,2009,Jerry Sloan,1
31,2009,Joel Przybilla,1
32,2009,Kirilenko,1
33,2009,Diaw,1
34,2009,Ricky Davis,1
35,2009,Bill Fitch,1
36,2009,Raja Bell,1
37,2009,Randolph,1
38,2009,Okafor,1
39,2009,Jameer Nelson,1
40,2009,Emeka,1
41,2009,Eric Gordon,1
42,2009,Rod Higgins,1
43,2009,Zach Randolph,1
44,2009,Brown,1
45,2009,Michael Jordan,1
46,2009,Marcus,1
47,2009,Larry Brown,1
48,2009,Emeka Okafor,1
49,2009,Martin,1
50,2009,Mike D'Antoni,1
51,2009,Quentin Richardson,1
52,2009,Carmelo Anthony,1
53,2009,Chauncey Billups,1
54,2009,Robinson,1
55,2009,Billups,1
56,2009,Larry Hughes,1
57,2009,Knicks,1
58,2009,FacebookTwitterFacebook MessengerPinterestEmailprintDENVER,3
59,2009,Chris Andersen,1
60,2009,Kenyon Martin,1
61,2009,Nene,1
62,2009,Karl,1
63,2009,Nate Robinson's,1
64,2009,Wilson Chandler's,1
65,2009,George Karl,1
66,2009,Eddy Curry,1
67,2009,Eduardo Najera,1
68,2009,Allen Iverson's,1
69,2009,Anthony,1
70,2009,"""He",1
71,2009,yooo,1
72,2009,Ed Snider,1
73,2009,Dwight Howard,2
74,2009,Lewis,1
75,2009,DiLeo,1
76,2009,Stan Van Gundy,1
77,2009,Van Gundy,1
78,2009,Gortat,1
79,2009,Rafer Alston,1
80,2009,"""-",1
81,2009,Dwight,1
82,2009,Turkoglu,1
83,2009,Raven Simmone,1
84,2009,Courtney Lee,1
85,2009,nebody,1
86,2009,J.J. Redick,1
87,2009,Dalembert,1
88,2009,Billy King,1
89,2009,Marcin Gortat,1
90,2009,FacebookTwitterFacebook MessengerPinterestEmailprintPHILADELPHIA,1
91,2009,Samuel Dalembert,1
92,2009,Lee,1
93,2009,jj,1
94,2009,Howard,1
95,2009,french,1
96,2009,James,1
97,2009,LeBron James,1
98,2009,Olympic,1
99,2009,Matt Harpring,1
100,2009,Kyle Korver,1
101,2009,Chris Sheridan,1
102,2009,Millsap,1
103,2009,Kevin O'Connor,1
104,2009,Carlos,1
105,2009,Pistons,1
106,2009,Paul Millsap,1
107,2009,Chad Ford,1
108,2009,Marc Stein,1
109,2009,Okur,1
110,2009,O'Connor,1
111,2009,Malik Allen,1
112,2009,Sharpe,1
113,2009,Walter Sharpe,1
114,2009,Sonny Weems,1
115,2009,Allen,1
116,2009,Weems,1
117,2009,William McGovern,1
118,2009,FacebookTwitterFacebook MessengerPinterestEmailprintSOMERVILLE,1
119,2009,Coleman,1
120,2009,William Hunt,1
121,2009,Joseph Hayden,1
122,2009,Hunt,1
123,2009,Nets,1
124,2009,Jayson Williams,1
125,2009,Costas Christofi,1
126,2009,Edward Coleman,1
127,2009,McGovern,1
128,2009,Lember,1
129,2009,Christopher Adams,1
130,2009,Watson,1
131,2009,C.J. Watson,1
132,2009,Renaldo Balkman,1
133,2009,Afflalo,1
134,2009,Arron Afflalo,1
135,2009,Balkman,1
136,2009,Nelson,1
137,2009,Andris Biedrins,1
138,2009,Granger,1
139,2009,"""Indiana",1
140,2009,Monta Ellis,1
141,2009,Anthony Randolph,1
142,2009,Don Nelson,1
143,2009,Ellis,1
144,2009,FacebookTwitterFacebook MessengerPinterestEmailprintOAKLAND,1
145,2009,Danny Granger,1
146,2009,Keith Smart,1
147,2009,Jim O'Brien,1
148,2009,T.J. Ford,1
149,2009,Ronny Turiaf,1
150,2009,Jones,1
0,2010,Kaman,1
1,2010,Kevin Garnett,2
2,2010,Larry Krystowiak's,1
3,2010,Shaquille O'Neal,1
4,2010,Davis,1
5,2010,Marcus Camby,1
6,2010,Rasual Butler,1
7,2010,Brown,1
8,2010,Mike Dunleavy,1
9,2010,Tim Duncan,2
10,2010,Sebastian Telfair,1
11,2010,Tony Brown,1
12,2010,Camby,1
13,2010,Lou Williams,1
14,2010,Mike,1
15,2010,Chris Kaman,1
16,2010,Kendrick Perkins,1
17,2010,Phil Jackson,2
18,2010,"""Bryant",1
19,2010,Paul Pierce,1
20,2010,Kobe Bryant,3
21,2010,Allen,1
22,2010,Rasheed Wallace,1
23,2010,Larry Bird,1
24,2010,Wallace,1
25,2010,Rondo,1
26,2010,Doc Rivers,1
27,2010,Garnett,1
28,2010,Bynum,1
29,2010,Pat Riley,1
30,2010,Kobe,2
31,2010,Ron Artest,2
32,2010,Pierce,1
33,2010,Bill Russell,1
34,2010,Jerry West,1
35,2010,Ray,1
36,2010,Pau Gasol,3
37,2010,Wilt Chamberlain,1
38,2010,Ray Allen,1
39,2010,Bryant,3
40,2010,Andrew Bynum,2
41,2010,Gasol,2
42,2010,Magic Johnson,2
43,2010,Artest,2
44,2010,Martin,2
45,2010,Chauncey Billups,1
46,2010,Billups,1
47,2010,Karl,2
48,2010,Lamar Odom,1
49,2010,George Karl,2
50,2010,Derek Fisher,1
51,2010,Ty Lawson,1
52,2010,Jack Nicholson,1
53,2010,Anthony,1
54,2010,Kenyon Martin,2
55,2010,Jamal Crawford,2
56,2010,Williams,2
57,2010,Lakers,1
58,2010,Jeezy,1
59,2010,F Luke Walton,1
60,2010,Joe Johnson,2
61,2010,Marvin Williams,1
62,2010,Julius Erving,1
63,2010,Zaza Pachulia,1
64,2010,Jackson,1
65,2010,Crawford,2
66,2010,Takeo Spikes,1
67,2010,Maurice Evans,1
68,2010,FacebookTwitterFacebook MessengerPinterestEmailprintATLANTA,1
69,2010,Farmar,1
70,2010,Evans,1
71,2010,Johnson,2
72,2010,Sasha Vujacic,1
73,2010,Mike Woodson,2
74,2010,Jordan Farmar,1
75,2010,Andrew Bogut,1
76,2010,Scott Skiles,1
77,2010,Stackhouse,1
78,2010,FacebookTwitterFacebook MessengerPinterestEmailprintMILWAUKEE,1
79,2010,Carlos Delfino,1
80,2010,Salmons,1
81,2010,Brandon Jennings,1
82,2010,John Salmons,1
83,2010,Kurt Thomas,1
84,2010,"""Milwaukee",1
85,2010,Thomas,1
86,2010,Josh Smith,1
87,2010,Jerry Stackhouse,1
88,2010,Woodson,1
89,2010,Delfino,1
90,2010,Smith,1
91,2010,Skiles,1
92,2010,Jennings,1
93,2010,Al Horford,1
94,2010,Carlesimo,1
95,2010,Jay Triano,1
96,2010,Gregg Poppovich,1
97,2010,Ric Bucher,1
98,2010,Scott Brooks,2
99,2010,David Kahn,1
100,2010,Gay,1
101,2010,Pekovic,1
102,2010,Marc Cornstein,1
103,2010,Panathinikos,1
104,2010,Rambis,1
105,2010,Rudy Gay,1
106,2010,Chris Sheridan,1
107,2010,Knicks,1
108,2010,Grizzlies,1
109,2010,Jefferson,3
110,2010,David Lee,2
111,2010,Nikola Pekovic,1
112,2010,CloseSenior NBA,1
113,2010,Darko Milicic,1
114,2010,Kahn,1
115,2010,Lee,2
116,2010,Nets,1
117,2010,Chad Ford,1
118,2010,Al Jefferson,2
119,2010,Serbian,1
120,2010,Cornstein,1
121,2010,"""He",2
122,2010,Nelson,1
123,2010,Deborah Marion,1
124,2010,Penny Hardaway,1
125,2010,Wright,1
126,2010,Hardaway,1
127,2010,Sherra Wright,1
128,2010,Mathes,1
129,2010,Lorenzen Wright's,1
130,2010,Kevin Nelson,1
131,2010,Rodney Bright,1
132,2010,Gail Mathes,1
133,2010,Herb Wright,1
134,2010,Lorenzen Wright,1
135,2010,Jay Vincent,1
136,2010,Vincent,1
137,2010,Charles Ford,1
138,2010,Al,1
139,2010,Steadman,1
140,2010,Steve Hess,1
141,2010,Kenyon,1
142,2010,Al Harrington,1
143,2010,"""Miles",1
144,2010,Russell Westbrook,1
145,2010,Cole Aldrich,1
146,2010,Millsap,1
147,2010,Miles,1
148,2010,Jeremy Evans,1
149,2010,James Harden's,1
150,2010,John Goble,1
151,2010,Maynor,1
152,2010,Paul Millsap,1
153,2010,Eric Maynor,1
154,2010,Rumble,1
155,2010,Westbrook,1
156,2010,Durant,1
157,2010,Deron Williams,1
158,2010,Kirilenko,1
159,2010,David Robinson,1
160,2010,Antonio McDyess,1
161,2010,Popovich,1
162,2010,Richard Jefferson's,1
163,2010,Manu Ginobili,1
164,2010,Ginobili,1
165,2010,Duncan,1
166,2010,DeJuan Blair,1
167,2010,Calbert Cheaney,1
168,2010,Monta Ellis,1
169,2010,Gregg Popovich,1
170,2010,Ellis,1
171,2010,George Hill,1
172,2010,Gary Neal,1
173,2010,Parker,1
174,2010,Tony Parker,1
175,2010,Ekpe Udoh,1
176,2010,Hill,1
177,2010,"""Duncan",1
0,2011,Jrue Holiday,1
1,2011,Andre Iguodala,1
2,2011,Regina King,1
3,2011,Phil Jackson,1
4,2011,Heather Locklear,1
5,2011,Williams,3
6,2011,Kobe Bryant,2
7,2011,Scott Boras,1
8,2011,Bynum,1
9,2011,Doug Collins,1
10,2011,Sixers,1
11,2011,Lamar Odom,1
12,2011,Pau Gasol,1
13,2011,Jackson,2
14,2011,Thaddeus Young,1
15,2011,Collins,1
16,2011,Bryant,1
17,2011,Tom Petty,1
18,2011,Gasol,1
19,2011,2010.The,1
20,2011,Lou Williams,1
21,2011,George Lopez,1
22,2011,Nenad Krstic,1
23,2011,Ty Corbin,1
24,2011,Derrick Favors,1
25,2011,Kendrick Perkins,1
26,2011,Paul Pierce,2
27,2011,Allen,1
28,2011,Nate Robinson,1
29,2011,Okur,1
30,2011,Deron Williams,2
31,2011,Kevin Garnett,2
32,2011,Rondo,1
33,2011,Doc Rivers,2
34,2011,Pierce,1
35,2011,Jefferson,1
36,2011,Devin Harris,1
37,2011,Corbin,1
38,2011,Mehmet Okur,1
39,2011,Ray Allen,1
40,2011,Kevin O'Connor,1
41,2011,Jeff Green,1
42,2011,Al Jefferson,1
43,2011,Harris,1
44,2011,Jerry Sloan,1
45,2011,Joe,1
46,2011,Pat McCrory,1
47,2011,Gavin Maloof,1
48,2011,Southern,1
49,2011,Johnson,1
50,2011,Maloofs,1
51,2011,Kevin Johnson,1
52,2011,Danny Ainge,1
53,2011,Udonis Haslem,1
54,2011,Gilbert,1
55,2011,Bosh,1
56,2011,LeBron James,2
57,2011,Zydrunas Ilgauskas,2
58,2011,Shaquille O'Neal,1
59,2011,James Jones,1
60,2011,Mario Chalmers,1
61,2011,LeBron,1
62,2011,James,1
63,2011,Wade,2
64,2011,Erik Spoelstra,1
65,2011,Brian Windhorst,1
66,2011,Mike Bibby,1
67,2011,Dan Gilbert,1
68,2011,Boston,1
69,2011,Dwyane Wade,3
70,2011,Chris Bosh,2
71,2011,Jack,1
72,2011,Kwame Brown,1
73,2011,Rod Higgins,1
74,2011,Shaun Livingston,1
75,2011,D.J. Augustin,1
76,2011,Gerald Henderson,1
77,2011,Garrett Temple,1
78,2011,Cunningham,1
79,2011,Brown,1
80,2011,D.J. White,1
81,2011,Tim Frank,2
82,2011,Tyrus Thomas,1
83,2011,Stephen Jackson,1
84,2011,Matt Carroll,1
85,2011,Carroll,1
86,2011,Higgins,1
87,2011,Dante Cunningham,1
88,2011,Stephen Silas,1
89,2011,Paul Silas,1
90,2011,Frank,1
91,2011,Silas,1
92,2011,Kevin Durant,2
93,2011,Rachel Cohen,1
94,2011,Brett Martel,1
95,2011,Chris Paul,2
96,2011,Lebron James,1
97,2011,Billy Hunter,3
98,2011,Twitter,1
99,2011,Brian Mahoney,1
100,2011,David Stern,2
101,2011,Derek Fisher,3
102,2011,Jeff Latzke,1
103,2011,Hunter,2
104,2011,Batum,1
105,2011,Carmelo Anthony,1
106,2011,Bouna Ndiaye,1
107,2011,Turkish,1
108,2011,Patrick Baumann,1
109,2011,Nicolas,1
110,2011,Ndiaye,1
111,2011,Tony Parker,1
112,2011,Close•,1
113,2011,Marc Stein,2
114,2011,Nancy,1
115,2011,Anthony,1
116,2011,Adam Silver,1
117,2011,Ron Klempner,1
118,2011,Stern,1
119,2011,Peter Holt,1
120,2011,"Henny Ray Abrams""We",1
121,2011,Bill Simmons,1
122,2011,Fisher,1
123,2011,Getty ImagesHe,1
124,2011,Windhorst,1
125,2011,Zydrunas Ilgauskas',1
126,2011,Lithuanian,1
127,2011,Ilgauskas,1
128,2011,Grant Hill,1
129,2011,Stein,1
130,2011,Tyson Chandler,1
131,2011,Jamal Crawford,1
132,2011,Caron Butler,1
133,2011,Samuel Dalembert,1
134,2011,Josh Howard,1
135,2011,Ric Bucher,1
136,2011,David West,1
137,2011,Shane Battier,1
138,2011,Nene,1
0,2012,MVP,1
1,2012,Joe Murphy/NBAE,1
2,2012,Chris,1
3,2012,Antoine Walker,1
4,2012,Erik,1
5,2012,Riley,1
6,2012,Norris Cole,1
7,2012,Gary Payton,2
8,2012,Bosh,1
9,2012,LeBron James,1
10,2012,Pat RileyI,1
11,2012,Larry O'Brien,1
12,2012,Pat Riley,1
13,2012,Mario Chalmers,1
14,2012,LeBron,1
15,2012,"Getty Images""The",1
16,2012,Shane Battier,1
17,2012,James,1
18,2012,Andrew D. Bernstein/NBAE,1
19,2012,Wade,1
20,2012,Jerry West,1
21,2012,LeBron James',1
22,2012,Battier,1
23,2012,Dwyane Wade,1
24,2012,Spoelstra,1
25,2012,Ricky Rubio,1
26,2012,Roy,1
27,2012,Brandon Roy,1
28,2012,Andrei Kirilenko,1
29,2012,Kahn,1
30,2012,Brandon Roy's,1
31,2012,Kobe Bryant,1
32,2012,David Kahn,1
33,2012,FacebookTwitterFacebook MessengerPinterestEmailprintMINNEAPOLIS,1
34,2012,Kevin Love,1
35,2012,Randy Foye,1
36,2012,Adelman,1
37,2012,Brandon,1
38,2012,Dallas Mavericks,1
39,2012,Rick Adelman,1
40,2012,espnW,1
41,2012,Iguodala,1
42,2012,James Harden,1
43,2012,Andre Iguodala,1
44,2012,Chris Webber,1
45,2012,[Russell] Westbrook,1
46,2012,George,1
47,2012,Billups,1
48,2012,Allen Iverson,1
49,2012,season?Iguodala,1
50,2012,Doug Collins,1
51,2012,Jim O'Brien,1
52,2012,Mo Cheeks,1
53,2012,Shawn Kemp,1
54,2012,Nate McMillan,1
55,2012,Eddie Jordan,1
56,2012,Chauncey,1
57,2012,George Karl,1
58,2012,Steve Hess,1
59,2012,Carmelo,1
60,2012,Anthony,1
61,2012,Danilo Gallinari,1
62,2012,Gallo,1
63,2012,radar?Iguodala,1
64,2012,Detlef Schrempf,1
65,2012,Greivis Vasquez,1
66,2012,Pondexter,1
67,2012,Quincy Pondexter,1
68,2012,Marvin Williams,1
69,2012,FacebookTwitterFacebook MessengerPinterestEmailprintOKLAHOMA CITY,1
70,2012,Tyrone Corbin,1
71,2012,Williams,1
72,2012,Corbin,1
0,2013,Mitch Richmond,1
1,2013,"""He",1
2,2013,Steve Ballmer,1
3,2013,Chris Hansen,1
4,2013,Joe Lacob,1
5,2013,Mark Mastrov,1
6,2013,Mastrov,1
7,2013,Burkle,1
8,2013,Ron Burkle,1
9,2013,Johnson,1
10,2013,David Stern,1
11,2013,Peter Guber,1
12,2013,Pittsburgh Penguins,1
13,2013,Maloof,1
14,2013,Bradley Beal,1
15,2013,Ted Leonsis,1
16,2013,Ernie Grunfeld,1
17,2013,Marc Stein,1
18,2013,John,1
19,2013,John Wall,2
20,2013,"Getty Images""It's",1
21,2013,Anthony Bennett,2
22,2013,Chris Andersen,1
23,2013,Greg Oden,1
24,2013,Erik Spoelstra,1
25,2013,Chris Bosh,1
26,2013,Joel Anthony,1
27,2013,Udonis Haslem,1
28,2013,Kelly Olynyk,1
29,2013,Rene Johnston,1
30,2013,Anthony,1
31,2013,Canadian,1
32,2013,Mike Brown,1
33,2013,Chris Grant,1
34,2013,Bynum,2
35,2013,Jarrett Jack,1
36,2013,Grant,1
37,2013,Andrew Bynum,2
38,2013,Brown,1
39,2013,Bennett,1
40,2013,Kyrie Irving,1
41,2013,Joe Murphy/NBAE,1
42,2013,Eric Bledsoe,1
43,2013,Gordon Hayward,1
44,2013,Larry Sanders,1
45,2013,Getty ImagesSources,1
46,2013,Pondexter,1
47,2013,Ed Davis,1
48,2013,Close•,1
49,2013,Grizzlies,1
50,2013,Paul George,1
51,2013,Quincy Pondexter,1
52,2013,Butler,1
53,2013,Michael Kidd-Gilchrist,1
54,2013,Clifford,1
55,2013,Taylor,1
56,2013,Caron Butler,1
57,2013,Kidd-Gilchrist,1
58,2013,FacebookTwitterFacebook MessengerPinterestEmailprintCHARLOTTE,1
59,2013,Jeff Taylor,1
60,2013,Steve Clifford,1
61,2013,Bryant,1
62,2013,Luol Deng,1
63,2013,Dwight Howard,1
64,2013,Kobe Bryant's,1
65,2013,Gasol,1
66,2013,Pau Gasol,1
67,2013,Irving,1
68,2013,Howard,1
69,2013,Deng,1
70,2013,Mike D'Antoni,1
71,2013,Kyrie Irving's,1
0,2014,Kevin Durant,3
1,2014,David Stern,1
2,2014,Kobe Bryant,2
3,2014,Larry Bird's,1
4,2014,LeBron James,4
5,2014,Larry Bird,1
6,2014,Jordan,1
7,2014,Mike Tyson,1
8,2014,Pete Rozelle,1
9,2014,Allen Iverson,1
10,2014,Duke,2
11,2014,Kobe,1
12,2014,Chris Berman,1
13,2014,LeBron,4
14,2014,Adam Silver,1
15,2014,Andrew D. Bernstein/NBAE,1
16,2014,Getty ImagesI'm,1
17,2014,Billy Hunter,1
18,2014,Tiger Woods,1
19,2014,Muhammad Ali,1
20,2014,Americana,1
21,2014,Michael Jordan,1
22,2014,Dan Patrick?David Stern,1
23,2014,Stern,1
24,2014,American,1
25,2014,Magic Johnson,1
26,2014,Goran Dragic,1
27,2014,Jeff Hornacek,1
28,2014,Anthony Davis,2
29,2014,Davis,2
30,2014,Dragic,1
31,2014,MessengerPinterestEmailprintPHOENIX,1
32,2014,Arnett,1
33,2014,Arnett Moultrie,1
34,2014,Brown,1
35,2014,Brett Brown,1
36,2014,Tony Parker,1
37,2014,Parker,1
38,2014,Dave Babcock,1
39,2014,Ian O'Connor,1
40,2014,Hammond,1
41,2014,Wes Edens,1
42,2014,Jason Kidd,1
43,2014,David Morway,1
44,2014,Hollins,1
45,2014,Andy Katz,1
46,2014,Nets,1
47,2014,Billy King,1
48,2014,Marc Lasry,1
49,2014,John Hammond,1
50,2014,Lionel Hollins,1
51,2014,Jabari Parker,1
52,2014,Larry Drew,1
53,2014,Kidd,1
54,2014,Brian Windhorst,1
55,2014,James Harden,1
56,2014,Kenneth Faried,1
57,2014,Mike Krzyzewski,1
58,2014,Durant,2
59,2014,DeMarcus,1
60,2014,George,2
61,2014,Andre Drummond,1
62,2014,Mason Plumlee,1
63,2014,Blake Griffin,2
64,2014,LaMarcus Aldridge,1
65,2014,Paul Millsap,1
66,2014,Pau Gasol,1
67,2014,Krzyzewski,1
68,2014,Kevin Love,1
69,2014,Jim Boeheim,1
70,2014,Carmelo,1
71,2014,Anthony,1
72,2014,Plumlee,1
73,2014,Marc Gasol,1
74,2014,Americans,1
75,2014,Harden,1
76,2014,Paul George,1
77,2014,Saad,1
78,2014,Jay Z's,1
79,2014,Stephen Curry,1
80,2014,Bryant,1
81,2014,Armour,1
82,2014,Omar Saad,1
83,2014,Richard Mackson,1
84,2014,MessengerPinterestEmailprintAt,1
85,2014,Kevin Plank,1
86,2014,Swiss,1
87,2014,Tate George,1
88,2014,Andrew McDonald,1
89,2014,James,2
90,2014,MessengerPinterestEmailprintCHICAGO,1
91,2014,Derrick Rose,1
92,2014,Doug McDermott,1
93,2014,Nikola Mirotic,1
94,2014,Tom Thibodeau,1
95,2014,Kyrie Irving,1
96,2014,Dennis Wierzbicki,1
97,2014,Joakim Noah,1
98,2014,Mike Miller,1
99,2014,Blatt,1
100,2014,David Blatt,1
101,2014,Jimmy Butler,1
102,2014,Rose,1
103,2014,Shawn Marion,1
104,2014,Noah,1
105,2014,Western,1
106,2014,Matthew Dellavedova,1
107,2014,Dwyane Wade,1
108,2014,Wade,1
109,2014,Erik Spoelstra,1
110,2014,Norris Cole,1
111,2014,Mario Chalmers,1
112,2014,Udonis Haslem,1
113,2014,Bosh,1
114,2014,Chris Bosh,1
115,2014,DE JANEIRO,1
116,2014,Kosta Koufos,1
117,2014,Keith,1
118,2014,Close•,1
119,2014,Robert Sacre,1
120,2014,David Richard/USA,1
0,2015,FacebookTwitterFacebook MessengerPinterestEmailprintMIAMI,1
1,2015,Jerome Kersey,1
2,2015,Dwyane Wade,1
3,2015,Erik Spoelstra,1
4,2015,Bosh,1
5,2015,Chris Bosh,1
6,2015,Spoelstra,1
7,2015,South African,1
8,2015,Fikile Mbalula,1
9,2015,Ibaka,1
10,2015,Luol Deng,1
11,2015,Mutombo,1
12,2015,Zambian,1
13,2015,Tanzanian,1
14,2015,Rokia,1
15,2015,Nelson Mandela's,1
16,2015,Kyrie Irving,1
17,2015,Senegalese,1
18,2015,Satchel Paige,1
19,2015,Hasheem Thabeet's,1
20,2015,Rube Foster,1
21,2015,"""Editor",1
22,2015,Giannis Antetokounmpo,1
23,2015,Olajuwon,1
24,2015,Nigerian,1
25,2015,Jackie Robinson,1
26,2015,Hakeem Olajuwon,1
27,2015,Serge Ibaka,1
28,2015,Masai Ujiri,1
29,2015,Getty ImagesEvery,1
30,2015,Getty ImagesThe,1
31,2015,Dambisa Moyo,1
32,2015,Joe Murphy,1
33,2015,Gorgui Dieng,1
34,2015,African,1
35,2015,Lanre Alabi,1
36,2015,Dominicans,1
37,2015,Nathaniel S. Butler/NBAE,1
38,2015,Muhammad Ali,1
39,2015,Harlem Rens,1
40,2015,Samoans,1
41,2015,Desmond Tutu,1
42,2015,Deng,1
43,2015,West African,1
44,2015,Jack Johnson,1
45,2015,Afro,1
46,2015,English,1
47,2015,Boris Diaw's,1
48,2015,Africans,1
49,2015,Dikembe Mutombo,1
50,2015,Manute Bol,1
51,2015,Roland Beech,1
52,2015,Mike Bratz,1
53,2015,Rocky Widner,1
54,2015,Peja Stojakovic,1
55,2015,FacebookTwitterFacebook MessengerPinterestEmailprintSACRAMENTO,1
56,2015,Vlade Divac,1
57,2015,Oleksiy Pecherov,1
58,2015,Matt Janning,1
59,2015,Miller,1
60,2015,Mike Miller,1
61,2015,FacebookTwitterFacebook MessengerPinterestEmailprintDENVER,1
62,2015,Devin Sweetney,1
63,2015,Jayne Kamin-Oncea,1
64,2015,Achilles,1
65,2015,CloseCalvin Watkins,1
66,2015,Luke Walton,1
67,2015,Stephen Curry,1
68,2015,Steve Kerr,1
0,2016,"""[Ex-",1
1,2016,"""Editor",1
2,2016,"""""I",1
3,2016,Stephen Curry,2
4,2016,Marc J. Spears,1
5,2016,Steph,1
6,2016,Kay,1
7,2016,Steve Smith,1
8,2016,"""So",1
9,2016,D'Angelo Russell,1
10,2016,Jeanie Buss,1
11,2016,Luke Walton,1
12,2016,Tim Harris,1
13,2016,CloseBaxter Holmes,1
14,2016,Buss,1
15,2016,Kobe Bryant,1
16,2016,Harris,1
17,2016,Chris,1
18,2016,Wade,1
19,2016,PicksPat Riley,1
20,2016,MessengerPinterestEmailprintAn,1
21,2016,Dwyane,1
22,2016,Bosh,1
23,2016,Chris Bosh,1
24,2016,Tommy Gilligan,1
25,2016,Kevin Durant,1
26,2016,Iguodala,1
27,2016,Klay Thompson,1
28,2016,Steve Kerr,1
29,2016,Curry,1
30,2016,Andre Iguodala,1
31,2016,Durant,1
32,2016,MessengerPinterestEmailprintPHOENIX,1
0,2017,Jusuf Nurkic,1
1,2017,Neil Olshey,1
2,2017,Morris,1
3,2017,Kelly Oubre Jr.,1
4,2017,Wall,1
5,2017,Brad Stevens,1
6,2017,Marcus Smart,1
7,2017,Scott Brooks,1
8,2017,Maddie Meyer/Getty ImagesMorris,1
9,2017,Al Horford's,1
10,2017,John Wall,2
11,2017,Gerald Green,1
12,2017,MessengerPinterestEmailprintSteve Kerr,1
13,2017,Mike Brown,1
14,2017,Bob Myers,1
15,2017,CP3,1
16,2017,Steve,1
17,2017,Michael Wilbon,1
18,2017,Brown,1
19,2017,Kerr,1
20,2017,tumble.• Irving,1
21,2017,Chris Haynes,1
22,2017,MessengerPinterestEmailprintCHICAGO,1
23,2017,CloseNick Friedell,2
24,2017,Robin Lopez,1
25,2017,Brazilian,1
26,2017,Cristiano Felicio,1
27,2017,Nets,1
28,2017,Shane Larkin,1
29,2017,Knicks,1
30,2017,Larkin,1
31,2017,Mavericks,1
32,2017,Kevin Durant,1
33,2017,Getty ImagesHours,1
34,2017,Royce Young2017,1
35,2017,Damian Lillard,1
36,2017,Phil Jackson,1
37,2017,Knicks.-- Ian Begley,1
38,2017,Heatles,1
39,2017,David Stern,1
40,2017,PortlandCarmelo Anthony's,1
41,2017,Gilbert,1
42,2017,Cuban,1
43,2017,Mark Cuban,1
44,2017,Bosh,1
45,2017,LeBron James,1
46,2017,Jordan,1
47,2017,Durant,2
48,2017,Bootsy Bellows,1
49,2017,Russell Westbrook,2
50,2017,Carmelo Anthony,3
51,2017,Pausha Haghighi,1
52,2017,LeBron,1
53,2017,David Richard/USA,1
54,2017,Wesley Matthews,1
55,2017,Pat Riley's,1
56,2017,Green,1
57,2017,Chandler Parsons,1
58,2017,James,1
59,2017,Adam Silver,1
60,2017,Stephen Curry,1
61,2017,Andrew Wiggins,1
62,2017,Melo,2
63,2017,Dave McMenamin2014,1
64,2017,Love,1
65,2017,Kevin Love,1
66,2017,DeAndre Jordan,1
67,2017,Anthony,3
68,2017,Wiggins,1
69,2017,Dan Gilbert,1
70,2017,McCollum,1
71,2017,Dwyane Wade,1
72,2017,Parsons,1
73,2017,Boa,1
74,2017,Dirk Nowitzki,1
75,2017,Glenn James/NBAE,1
76,2017,Paul George,2
77,2017,Chris Bosh,1
78,2017,C.J. McCollum,1
79,2017,MVP,2
80,2017,Kim Klement-USA,1
81,2017,Russ,2
82,2017,Troy Weaver,1
83,2017,Josh Huestis,1
84,2017,Westbrook,2
85,2017,Sam Presti,1
86,2017,Clay Bennett,1
87,2017,Presti,1
88,2017,Billy Donovan,1
89,2017,George,2
90,2017,PicksDoes Melo,1
91,2017,"""He",1
92,2017,Antetokounmpo,1
93,2017,Giannis Antetokounmpo,1
94,2017,Jason Kidd,1
95,2017,Kidd,1
96,2017,MessengerPinterestEmailprintMILWAUKEE,1
97,2017,Russell Westbrook's,1
98,2017,Tyson,1
99,2017,Mike,1
100,2017,Jokic,1
101,2017,Wilson Chandler,1
102,2017,Richard Jefferson,1
103,2017,Jerian Grant's,1
104,2017,Joke,1
105,2017,Paul Millsap,1
106,2017,Michael Malone,1
107,2017,Will Barton,1
108,2017,Nikola Jokic,1
109,2017,Barton,1
110,2017,Paul,1
111,2017,Wilson,1
112,2017,Adrian Wojnarowski,1
113,2017,Jefferson,1
0,2018,"""He",3
1,2018,Silas,1
2,2018,Jordan Crawford,1
3,2018,Stephen Silas,1
4,2018,Griffin,1
5,2018,Williams,1
6,2018,Kemba Walker,1
7,2018,Lou Williams,1
8,2018,Steve Clifford,1
9,2018,Frank Kaminsky,1
10,2018,James,3
11,2018,LeBron James,5
12,2018,Dwyane Wade,1
13,2018,Isaiah Thomas,1
14,2018,MessengerPinterestEmailprintCLEVELAND,1
15,2018,"Henry ""Hank"" Thomas",1
16,2018,Rasual Butler,1
17,2018,Tristan Thompson,1
18,2018,"""February",1
19,2018,PicksShould Kevin,1
20,2018,Kevin Love,1
21,2018,David Richard/USA,2
22,2018,Jae Crowder,1
23,2018,Tyronn Lue,1
24,2018,Kevin Durant,2
25,2018,Chris Paul,2
26,2018,Curry,2
27,2018,Andre Iguodala,2
28,2018,Steve Kerr,2
29,2018,Kobe Bryant,1
30,2018,Shaun Livingston,1
31,2018,Durant,2
32,2018,Kevin Garnett,1
33,2018,Draymond Green,1
34,2018,Noah Graham,1
35,2018,Chuck BurtonWhen,1
36,2018,West,1
37,2018,Christian,1
38,2018,Getty ImagesSome,1
39,2018,Getty ImagesPrior,1
40,2018,Green,1
41,2018,Jeff Haynes/NBAE,1
42,2018,Cook,1
43,2018,"""Curry",1
44,2018,Stephen Curry,2
45,2018,Barack Obama,1
46,2018,Trump,1
47,2018,Quinn Cook,1
48,2018,Bob McKillop,1
49,2018,Obama,1
50,2018,Dell Curry,1
51,2018,David West,1
52,2018,Steph,1
53,2018,Winslow Townson,1
54,2018,Jaylen Brown,1
55,2018,Marcus Smart,1
56,2018,Gordon Hayward,1
57,2018,Jayson Tatum,1
58,2018,Dwane Casey,1
59,2018,Irving,1
60,2018,Quin Snyder,1
61,2018,Kyrie Irving,1
62,2018,Brad Stevens,1
63,2018,Dwane,1
64,2018,Celtics,1
65,2018,Stevens,1
66,2018,Tatum,1
67,2018,Larkin,1
68,2018,Brad,1
69,2018,Terry Rozier,1
70,2018,Nate McMillan,1
71,2018,Casey,1
72,2018,Marcus Morris,1
73,2018,Terry Stotts,1
74,2018,Daniel Theis,1
75,2018,Jabari Bird,1
76,2018,Shane Larkin,1
77,2018,Al Horford,2
78,2018,TODAYStevens,1
79,2018,MessengerPinterestEmailprintBOSTON,1
80,2018,Embiid,1
81,2018,Markelle Fultz,1
82,2018,Brett Brown,1
83,2018,Aron Baynes,1
84,2018,Brown,2
85,2018,Joel Embiid's,1
86,2018,"Colangelo dismissal""The",1
87,2018,Adam Silver,1
88,2018,Bryan Colangelo,1
89,2018,Bryan Colangelo's,1
90,2018,Sterling Brown,1
91,2018,Colangelo,1
92,2018,Derrick Rose,1
93,2018,Rose,1
94,2018,Adrian Wojnarowski,1
95,2018,Mahinmi,1
96,2018,Getty ImagesAtlanta,1
97,2018,Rocky Widner,1
98,2018,Luwawu-Cabarrot,1
99,2018,Anthony Davis,1
100,2018,Luol Deng,1
101,2018,Getty ImagesDiallo,1
102,2018,Cheick Diallo,1
103,2018,Frenchman,1
104,2018,Oguntuyi,1
105,2018,Kaunda Chama,1
106,2018,Cyrus Rogers,1
107,2018,Brian Babineau,1
108,2018,Ned Dishman,1
109,2018,Masai Ujiri,1
110,2018,Getty ImagesThe,1
111,2018,Getty ImagesHe,1
112,2018,Fournier,1
113,2018,Algerian,1
114,2018,Victor Oladipo,1
115,2018,Evan Fournier,1
116,2018,Pelicans,1
117,2018,Fernando Medina/NBAE,1
118,2018,Timothe Luwawu-Cabarrot,1
119,2018,Siakam,1
120,2018,Rich Schultz,1
121,2018,Cheick Diallo's,1
122,2018,South Sudanese,1
123,2018,Getty ImagesSiakam's,1
124,2018,Pascal Siakam,1
125,2018,Cameroonian,1
126,2018,Ian Mahinmi,1
127,2018,French,1
128,2018,Diallo,1
129,2018,Shaq Harrison,1
130,2018,Anderson,1
131,2018,Elie Okobo,1
132,2018,Marquese Chriss,1
133,2018,Ryan Anderson,1
134,2018,De'Anthony Melton,1
135,2018,Chriss,1
136,2018,Melton,1
137,2018,Brandon Knight,1
138,2018,Brandon Knight's,1
139,2018,Daryl Morey,1
140,2018,Beasley,1
141,2018,Luke Walton,3
142,2018,Michael Beasley's,1
143,2018,CloseOhm Youngmisuk,1
144,2018,Kyle Kuzma,3
145,2018,Brandon Ingram,2
146,2018,J.J. Barea,1
147,2018,Michael Beasley,1
148,2018,Jason,1
149,2018,Wesley Mathews,1
150,2018,Kuzma,2
151,2018,Matthews,1
152,2018,Dwight Powell,2
153,2018,Rick Carlisle,2
154,2018,McGee,1
155,2018,G Devin Harris,1
156,2018,Doncic,1
157,2018,BETTER FINISHDoncic,1
158,2018,Luka Doncic,2
159,2018,Barea,1
160,2018,Pau Gasol,1
161,2018,DeAndre Jordan,2
162,2018,Harrison Barnes,2
163,2018,Dennis Smith Jr.,1
164,2018,Tyson Chandler,1
165,2018,Kentavious Caldwell-Pope,1
166,2018,Lakers,1
167,2018,Lonzo Ball,1
168,2018,JJ Barea,1
169,2018,Wesley Matthews,1
170,2018,Barnes,1
171,2018,Warren,1
172,2018,FacebookTwitterFacebook MessengerPinterestEmailprintPHOENIX,1
173,2018,Iguodala,1
174,2018,Ayton,1
175,2018,Klay Thompson,1
176,2018,Dragan Bender,1
177,2018,Josh Jackson,1
178,2018,Eric Moreland,1
179,2018,Devin Booker 20.Golden,1
180,2018,Jonas Jerebko,1
181,2018,Kevon Looney,1
182,2018,Igor Kokoskov,1
0,2019,Brandon Ingram,1
1,2019,"""He",1
2,2019,Goble,1
3,2019,Stephenson,1
4,2019,NEXTLakers,1
5,2019,Marjanovic,1
6,2019,Williams,2
7,2019,LeBron James,2
8,2019,Kyle Kuzma,1
9,2019,Josh Hart,1
10,2019,Doc Rivers,1
11,2019,Tobias Harris,2
12,2019,Patrick Beverley,1
13,2019,Boban Marjanovic,2
14,2019,James,2
15,2019,Billy Crystal,1
16,2019,Bradley,1
17,2019,"it?""Marjanovic",1
18,2019,Lance Stephenson,1
19,2019,John Goble,1
20,2019,Danilo Gallinari,2
21,2019,Boban,1
22,2019,Harris,1
23,2019,Lou Williams,3
24,2019,Russell Westbrook,1
25,2019,Joel Embiid,1
26,2019,Paul George,1
27,2019,Billy Donovan,1
28,2019,George,1
29,2019,Valanciunas,1
30,2019,J.B. Bickerstaff,1
31,2019,Harrell,1
32,2019,Landry Shamet,1
33,2019,Nipsey Hussle's,1
34,2019,Wright,1
35,2019,Mike Conley,1
36,2019,Tyler Dorsey,1
37,2019,Hussle,1
38,2019,Grizzlies,1
39,2019,Chandler Parsons,1
40,2019,Jonas Valanciunas,1
41,2019,Gallinari,1
42,2019,Kevin Durant,2
43,2019,MVP,1
44,2019,James Harden,1
45,2019,Chris Paul,1
46,2019,Andre Iguodala,2
47,2019,Steve Kerr,2
48,2019,TECHNICALSGreen,1
49,2019,Manu Ginobili,1
50,2019,Durant,2
51,2019,Mike D'Antoni,1
52,2019,Klay Thompson,2
53,2019,Allen Iverson,1
54,2019,Josh Tiven,1
55,2019,FacebookTwitterFacebook MessengerPinterestEmailprintOAKLAND,1
56,2019,Foster,1
57,2019,GREEN,1
58,2019,D'Antoni,1
59,2019,Green,2
60,2019,Nene,1
61,2019,"to?""Harden",1
62,2019,Stephen Curry,1
63,2019,Scott Foster,1
64,2019,Rockets,1
65,2019,Michael Jordan,1
66,2019,Harden,1
67,2019,Paul,1
68,2019,Sterling Brown,1
69,2019,Brown,1
70,2019,FacebookTwitterFacebook MessengerPinterestEmailprintMILWAUKEE,1
71,2019,Mark Thomsen,1
72,2019,Thomsen,1
73,2019,CJ McCollum,1
74,2019,Damian Lillard,1
75,2019,Goldfeder,1
76,2019,Olshey,1
77,2019,Sam Goldfeder,1
78,2019,Neil Olshey,1
79,2019,McCollum,1
80,2019,Brian Windhorst,1
81,2019,D'Angelo Russell,1
82,2019,Draymond,1
83,2019,Andrew D. Bernstein/NBAE,1
84,2019,Klay,1
85,2019,CloseNick Friedell,1
86,2019,Getty ImagesAfter,1
87,2019,Russell,1
88,2019,D'Angelo,1
89,2019,Steph,1
90,2019,Shaun Livingston,1
91,2019,"""Is Steph Curry",1
92,2019,Kevon Looney,1
93,2019,Thompson,1
94,2019,Lonnie Walker,1
95,2019,Popovich,1
96,2019,Blake Griffin,1
97,2019,"""Another",1
98,2019,LaMarcus Aldridge,1
99,2019,Derrick White,1
100,2019,Leonard,1
101,2019,Gregg Popovich,1
102,2019,DeMar DeRozan,1
103,2019,Rivers,1
104,2019,Kawhi Leonard,1
105,2019,Dejounte Murray,1
0,2020,Finals MVP,1
1,2020,MVP,1
2,2020,Magic Johnson,1
3,2020,Jason Hehir,1
4,2020,Michael Jordan's,1
5,2020,Michael Jordan,2
6,2020,Air Jordan,1
7,2020,Larry Bird,1
8,2020,LeBron James,2
9,2020,Jordan,2
10,2020,James,1
11,2020,Adam Silver,1
12,2020,Steve Kerr,1
13,2020,R.C. Buford,1
14,2020,Royce Young,1
15,2020,Marc Lasry,1
16,2020,Sam Presti,1
17,2020,Presti,1
18,2020,Mark Cuban,1
19,2020,Thomas,1
20,2020,"Michael Jordan?2 Related""Now",1
21,2020,Isiah Thomas,1
22,2020,Michael,1
23,2020,Reggie Miller,1
24,2020,Bobby Knight,1
25,2020,Rod Thorn,1
26,2020,Thorn,1
27,2020,Olympic,1
28,2020,Dominique Wilkins,1
29,2020,Laimbeer,1
30,2020,James Worthy,1
